{"content":[{"id":"7a4c038","settings":{"background_background":"gradient","margin":{"unit":"px","top":"0","right":0,"bottom":"0","left":0,"isLinked":false},"padding":{"unit":"px","top":"0","right":"0","bottom":"0","left":"0","isLinked":false},"__globals__":{"background_color":"","background_overlay_color":"globals\/colors?id=astglobalcolor8"},"background_overlay_image":{"id":"30","url":"http:\/\/buchozero.site\/wp-content\/uploads\/2022\/04\/o-resgate-das-profundezas-da-mediocridade.jpg"},"shape_divider_bottom_color":"#F9F9F9","shape_divider_bottom_height":{"unit":"px","size":103,"sizes":[]},"shape_divider_bottom_negative":"yes","box_shadow_box_shadow_type":"yes","box_shadow_box_shadow":{"horizontal":0,"vertical":10,"blur":20,"spread":0,"color":"rgba(16, 27.00000000000001, 57, 0.3)"},"background_image_mobile":{"url":"","id":"","alt":"","source":"library"},"background_overlay_image_mobile":{"url":"","id":"","alt":"","source":"library"},"background_overlay_position_mobile":"center center","background_overlay_repeat_mobile":"no-repeat","background_overlay_size_mobile":"cover","background_overlay_opacity":{"unit":"px","size":0.2,"sizes":[]},"background_color":"#1F0007","background_color_b":"#400010","background_overlay_color":"#000000"},"elements":[{"id":"7204aca8","settings":{"_column_size":100,"_inline_size":null,"background_background":"classic","padding":{"unit":"px","top":"0","right":"0","bottom":"0","left":"0","isLinked":false},"margin":{"unit":"px","top":"0","right":"0","bottom":"0","left":"0","isLinked":false},"background_overlay_background":"classic","__globals__":{"background_overlay_color":"globals\/colors?id=astglobalcolor8"},"margin_mobile":{"unit":"px","top":"15","right":"15","bottom":"15","left":"15","isLinked":true}},"elements":[{"id":"3957ca0f","settings":{"html":"<style>\r\n    .wistia_responsive_wrapper>div {\r\n        padding: 0 !important;\r\n        position: static !important;\r\n    }\r\n\r\n    @media screen and (min-width: 650px) {\r\n        .wistia_responsive_wrapper>div {\r\n            padding: 56.25% 0 0 0;\r\n            position: relative;\r\n        }\r\n    }\r\n\r\n    #play-button-video {\r\n        cursor: pointer !important;\r\n    }\r\n\r\n    .mobile .wistia_responsive_wrapper #play-button-video {\r\n        display: block !important;\r\n    }\r\n\r\n    .video-absolute {\r\n        height: 100% !important;\r\n    }\r\n\r\n    .yt-thumbnail {\r\n        position: absolute;\r\n        top: 0;\r\n        left: 0;\r\n        width: 100%;\r\n        height: 100%;\r\n        z-index: 102;\r\n        text-align: center;\r\n    }\r\n\r\n    .youtube-overlay {\r\n        content: '';\r\n        position: absolute;\r\n        bottom: 0;\r\n        right: 0;\r\n        z-index: 100;\r\n        width: 36%;\r\n        height: 30%\r\n    }\r\n\r\n    .edge-to-edge #content .wrapper {\r\n        overflow: hidden\r\n    }\r\n\r\n    .edge-to-edge .video-box {\r\n        width: 100%;\r\n        margin-left: auto;\r\n        margin-right: auto;\r\n        height: auto;\r\n        display: block;\r\n        border: 5px solid #ffffff;\r\n        border-radius: 10px\r\n    }\r\n\r\n    .mobile .video-wrapper {\r\n        overflow: hidden\r\n    }\r\n\r\n    .mobile .video-box {\r\n        width: 100%;\r\n        margin-left: auto;\r\n        margin-right: auto;\r\n        height: auto;\r\n        display: block;\r\n        border: 5px solid #ffffff;\r\n        border-radius: 10px\r\n    }\r\n\r\n    .bigThumbnail {\r\n        min-height: 50vh;\r\n        position: relative\r\n    }\r\n\r\n    .bigThumbnail .yt-thumbnail {\r\n        background-size: contain;\r\n        background-position: center\r\n    }\r\n\r\n    @media screen and (orientation:landscape) {\r\n        .bigThumbnail {\r\n            height: 100%\r\n        }\r\n\r\n        .bigThumbnail--video {\r\n            padding: 56.25% 0 0 0;\r\n            position: relative\r\n        }\r\n\r\n        .bigThumbnail .yt-thumbnail {\r\n            background-size: cover\r\n        }\r\n    }\r\n\r\n    .video-paused-btn {\r\n        position: absolute;\r\n        left: 50%;\r\n        top: 50%;\r\n        transform: translate(-50%, -50%);\r\n        cursor: pointer;\r\n        border-radius: 50px;\r\n        animation: pulse-xy 2s infinite;\r\n        display: none;\r\n    }\r\n\r\n    .video-paused-btn img {\r\n        width: 120px !important;\r\n        height: 120px !important;\r\n    }\r\n\r\n    .play-text,\r\n    .continue-text {\r\n        position: absolute;\r\n        left: 50%;\r\n        top: 5%;\r\n        font-size: 20px;\r\n        color: white;\r\n        z-index: 999;\r\n        transform: translateX(-50%);\r\n        font-weight: bold;\r\n        cursor: pointer;\r\n        animation: pulse-x 2s infinite;\r\n        text-stroke: 1px black;\r\n        -webkit-text-stroke: 1px black;\r\n        font-family: sans-serif;\r\n    }\r\n\r\n    .play-text--bottom,\r\n    .continue-text--bottom {\r\n        top: 90%;\r\n    }\r\n\r\n    .mobile #play-button-video,\r\n    .mobile .youtube-overlay {\r\n        display: none !important;\r\n    }\r\n\r\n    .full-body-video .video-absolute {\r\n        position: static;\r\n    }\r\n\r\n    .full-body-video .wistia-video-container {\r\n        box-shadow: none !important;\r\n        border: none !important;\r\n        position: absolute !important;\r\n        left: 0 !important;\r\n        top: -5px !important;\r\n        right: 0 !important;\r\n        bottom: 0 !important;\r\n        border-bottom: 30px;\r\n        max-height: 100vh !important;\r\n        \/*max-width: 100vw !important;*\/\r\n        width: 100% !important;\r\n        height: 100% !important;\r\n        height: 100vh !important;\r\n        margin: 5px auto !important;\r\n        \r\n        background-color: black !important;\r\n        border-radius: 0 !important;\r\n        z-index: 999;\r\n    }\r\n\r\n    .full-body-video .wistia-video-container #video {\r\n        height: 100% !important;\r\n        width: 100vw !important;\r\n        max-height: 100%;\r\n        max-width: 100%;\r\n    }\r\n\r\n    .full-body-video .wistia_responsive_padding {\r\n        height: 100% !important;\r\n        padding: 0 !important;\r\n    }\r\n    \r\n    @media screen and (min-width: 1320px) {\r\n        .videobox-ext {\r\n            padding-right: 15% !important;\r\n            padding-left: 15% !important;\r\n        }\r\n    }\r\n\r\n    @media screen and (max-width: 525px) {\r\n        .video-paused-btn img {\r\n            width: 100px !important;\r\n            height: 100px !important;\r\n        }\r\n\r\n        .continue-text,\r\n        .play-text {\r\n            font-size: 14px;\r\n        }\r\n    }\r\n\r\n    @media screen and (max-width: 375px) {\r\n        .video-paused-btn img {\r\n            width: 80px !important;\r\n            height: 80px !important;\r\n        }\r\n\r\n        .continue-text,\r\n        .play-text {\r\n            font-size: 12px;\r\n        }\r\n    }\r\n    \r\n    @media screen and (max-width: 320px) {\r\n        .video-paused-btn img {\r\n            width: 60px !important;\r\n            height: 60px !important;\r\n        }\r\n\r\n        .continue-text,\r\n        .play-text {\r\n            font-size: 10px;\r\n        }\r\n    }\r\n\r\n    @keyframes pulse-xy {\r\n        0% {\r\n            transform: translate(-50%, -50%) scale(1);\r\n        }\r\n\r\n        50% {\r\n            transform: translate(-50%, -50%) scale(1.2);\r\n        }\r\n\r\n        100% {\r\n            transform: translate(-50%, -50%) scale(1);\r\n        }\r\n    }\r\n\r\n    @keyframes pulse-x {\r\n        0% {\r\n            transform: translateX(-50%) scale(1);\r\n        }\r\n\r\n        50% {\r\n            transform: translateX(-50%) scale(1.2);\r\n        }\r\n\r\n        100% {\r\n            transform: translateX(-50%) scale(1);\r\n        }\r\n    }\r\n<\/style>","_css_classes":"pageBox","ha_advanced_tooltip_content":"I am a tooltip"},"elements":[],"isInner":false,"widgetType":"html","elType":"widget"},{"id":"5744e46","settings":{"height_inner":"min-height","custom_height_inner":{"unit":"px","size":50,"sizes":[]},"content_position":"middle","background_background":"classic","margin":{"unit":"px","top":"25","right":0,"bottom":"0","left":0,"isLinked":false},"css_classes":"pageBox","__globals__":{"background_color":""}},"elements":[{"id":"9970cd6","settings":{"_column_size":100,"_inline_size":null},"elements":[{"id":"698f7fc8","settings":{"title":"Esse poderoso segredo fez em <br>poucas semanas J\u00e9ssica Rodrigues <br><font color=\"#FFFF00\">dissolver 23KLS. <\/font> aos 44 anos...","header_size":"h1","align":"center","typography_typography":"custom","typography_font_family":"Poppins","typography_font_weight":"900","typography_letter_spacing":{"unit":"px","size":0.25,"sizes":[]},"__globals__":{"title_color":"globals\/colors?id=astglobalcolor5"},"ha_advanced_tooltip_content":"I am a tooltip","typography_font_size_mobile":{"unit":"px","size":20,"sizes":[]},"_css_classes":"pageBox","typography_line_height_mobile":{"unit":"em","size":1.4,"sizes":[]},"typography_text_transform":"uppercase","typography_line_height":{"unit":"px","size":45,"sizes":[]},"typography_letter_spacing_mobile":{"unit":"px","size":0.25,"sizes":[]},"hide_tablet":"hidden-tablet","hide_mobile":"hidden-mobile"},"elements":[],"isInner":false,"widgetType":"heading","elType":"widget"},{"id":"3908c6c4","settings":{"title":"Esse poderoso segredo fez <br>em poucas semanas J\u00e9ssica Rodrigues <font color=\"#FFFF00\">dissolver 23KLS. <\/font> <br>aos 44 anos...","header_size":"h1","align":"center","typography_typography":"custom","typography_font_family":"Poppins","typography_font_weight":"900","typography_letter_spacing":{"unit":"px","size":0.25,"sizes":[]},"__globals__":{"title_color":"globals\/colors?id=astglobalcolor5"},"ha_advanced_tooltip_content":"I am a tooltip","typography_font_size_mobile":{"unit":"px","size":20,"sizes":[]},"_css_classes":"pageBox","typography_line_height_mobile":{"unit":"em","size":1.4,"sizes":[]},"typography_text_transform":"uppercase","typography_line_height":{"unit":"px","size":45,"sizes":[]},"typography_letter_spacing_mobile":{"unit":"px","size":0.25,"sizes":[]},"hide_desktop":"hidden-desktop","hide_tablet":"hidden-tablet"},"elements":[],"isInner":false,"widgetType":"heading","elType":"widget"}],"isInner":true,"elType":"column"}],"isInner":true,"elType":"section"},{"id":"3aec48f8","settings":{"content_width":{"unit":"px","size":560,"sizes":[]},"height_inner":"min-height","custom_height_inner":{"unit":"px","size":50,"sizes":[]},"content_position":"middle","background_background":"classic","margin":{"unit":"px","top":"0","right":0,"bottom":"0","left":0,"isLinked":false},"css_classes":"pageBox","__globals__":{"background_color":""}},"elements":[{"id":"24830f9a","settings":{"_column_size":100,"_inline_size":null},"elements":[{"id":"66ac8732","settings":{"title":"<span style=\"color;background-color:#FF0000;\">Do seu bumbum, dos seus quadris, dos bra\u00e7os e do rosto! assista \n\u2b07\ufe0f<\/span>","header_size":"h3","align":"center","typography_typography":"custom","typography_font_family":"Poppins","typography_font_weight":"700","typography_text_transform":"uppercase","typography_line_height":{"unit":"px","size":28,"sizes":[]},"typography_letter_spacing":{"unit":"px","size":0.25,"sizes":[]},"text_shadow_text_shadow_type":"yes","_margin":{"unit":"px","top":"0","right":"0","bottom":"25","left":"0","isLinked":false},"__globals__":{"title_color":"globals\/colors?id=astglobalcolor5"},"ha_advanced_tooltip_content":"I am a tooltip","typography_font_size_mobile":{"unit":"px","size":15,"sizes":[]},"typography_line_height_mobile":{"unit":"em","size":1.5,"sizes":[]},"_css_classes":"pageBox","typography_letter_spacing_mobile":{"unit":"px","size":0.25,"sizes":[]}},"elements":[],"isInner":false,"widgetType":"heading","elType":"widget"}],"isInner":true,"elType":"column"}],"isInner":true,"elType":"section"},{"id":"23a97527","settings":{"html":"<div style=\"position:relative;padding-top:56.25%;\"><iframe id=\"panda-378c2794-0c88-424b-8d24-bd3301db396c\" src=\"https:\/\/player-vz-ff0450d7-006.tv.pandavideo.com.br\/embed\/?v=378c2794-0c88-424b-8d24-bd3301db396c\" style=\"border:none;position:absolute;top:0;left:0;\" allow=\"accelerometer;gyroscope;autoplay;encrypted-media;picture-in-picture\" allowfullscreen=true width=\"100%\" height=\"100%\"><\/iframe><\/div>","ha_advanced_tooltip_content":"I am a tooltip","_padding_mobile":{"unit":"px","top":"0","right":"0","bottom":"0","left":"0","isLinked":false},"_box_shadow_box_shadow_type":"yes","_box_shadow_box_shadow":{"horizontal":0,"vertical":0,"blur":30,"spread":10,"color":"rgba(223, 6.999999999999996, 55.999999999999865, 0.4)"}},"elements":[],"isInner":false,"widgetType":"html","elType":"widget"}],"isInner":false,"elType":"column"}],"isInner":false,"elType":"section"},{"id":"7ec7b630","settings":{"border_width":{"unit":"px","top":"20","right":"0","bottom":"0","left":"0","isLinked":false},"box_shadow_box_shadow":{"horizontal":0,"vertical":0,"blur":20,"spread":0,"color":"rgba(16, 27.00000000000001, 57, 0.3)"},"box_shadow_box_shadow_position":"inset","shape_divider_top":"arrow","shape_divider_top_height":{"unit":"px","size":23,"sizes":[]},"__globals__":{"shape_divider_top_color":"","border_color":"globals\/colors?id=astglobalcolor8"},"border_color":"#000000","shape_divider_top_width_mobile":{"unit":"%","size":300,"sizes":[]},"shape_divider_top_height_mobile":{"unit":"px","size":20,"sizes":[]},"shape_divider_top_color":"#400010"},"elements":[{"id":"32c32563","settings":{"_column_size":100,"_inline_size":null},"elements":[],"isInner":false,"elType":"column"}],"isInner":false,"elType":"section"},{"id":"700e286f","settings":{"layout":"full_width","content_position":"middle","margin":{"unit":"px","top":"35","right":0,"bottom":"0","left":0,"isLinked":false},"padding":{"unit":"px","top":"0","right":"0","bottom":"0","left":"0","isLinked":false},"css_classes":"aparecer","margin_mobile":{"unit":"px","top":"35","right":0,"bottom":"0","left":0,"isLinked":false},"padding_mobile":{"unit":"px","top":"0","right":"0","bottom":"0","left":"0","isLinked":false}},"elements":[{"id":"6e3cd8f0","settings":{"_column_size":100,"_inline_size":null},"elements":[{"id":"64c45f3d","settings":{"rating":4.7,"align":"center","__globals__":{"title_color":""},"title_color":"#DF0738","_margin_mobile":{"unit":"px","top":"0","right":"0","bottom":"-20","left":"0","isLinked":false}},"elements":[],"isInner":false,"widgetType":"star-rating","elType":"widget"},{"id":"3de8a6fa","settings":{"editor":"Avaliada em 4.7 estrelas por 30,000+ Clientes Satisfeitas","align_mobile":"center","typography_typography":"custom","typography_font_family":"Poppins","typography_font_size_mobile":{"unit":"px","size":15,"sizes":[]},"typography_font_weight":"400","__globals__":{"text_color":"globals\/colors?id=28b5c34"},"align":"center"},"elements":[],"isInner":false,"widgetType":"text-editor","elType":"widget"},{"id":"7e471882","settings":{"text":"COME\u00c7AR AGORA (CLIQUE AQUI)","link":{"url":"https:\/\/pay.hotmart.com\/K71364135I?checkoutMode=10","is_external":"","nofollow":"","custom_attributes":""},"align":"center","typography_typography":"custom","typography_font_family":"Poppins","typography_font_size":{"unit":"px","size":25,"sizes":[]},"typography_font_weight":"500","text_shadow_text_shadow_type":"yes","hover_animation":"grow","border_radius":{"unit":"px","top":"50","right":"50","bottom":"50","left":"50","isLinked":true},"text_padding":{"unit":"px","top":"25","right":"50","bottom":"25","left":"50","isLinked":false},"_css_classes":"btn_compra","custom_css":".btn_compra a{\r\n    background: rgb(64,0,16);\r\nbackground: linear-gradient(0deg, rgba(64,0,16,1) 10%, rgba(223,7,56,1) 90%);\r\n}","__globals__":{"background_color":""},"text_shadow_text_shadow":{"horizontal":0,"vertical":0,"blur":10,"color":"rgba(255, 255, 255, 0.3)"},"ha_advanced_tooltip_content":"I am a tooltip","typography_font_size_mobile":{"unit":"px","size":21,"sizes":[]},"button_css_id":"bt_pulse","typography_line_height_mobile":{"unit":"em","size":1.5,"sizes":[]}},"elements":[],"isInner":false,"widgetType":"button","elType":"widget"},{"id":"63334a17","settings":{"image":{"url":"http:\/\/buchozero.site\/wp-content\/uploads\/2022\/06\/Compra-segura-1.webp","id":794,"alt":"","source":"library"},"image_border_radius_mobile":{"unit":"px","top":"10","right":"10","bottom":"10","left":"10","isLinked":true},"link_to":"custom","link":{"url":"https:\/\/pay.hotmart.com\/K71364135I?checkoutMode=10","is_external":"","nofollow":"","custom_attributes":""}},"elements":[],"isInner":false,"widgetType":"image","elType":"widget"},{"id":"3c00cd3d","settings":{"margin":{"unit":"px","top":"50","right":0,"bottom":"35","left":0,"isLinked":false}},"elements":[{"id":"1b42a5c3","settings":{"_column_size":100,"_inline_size":null},"elements":[{"id":"3646d1f2","settings":{"title":"Quais benef\u00edcios trar\u00e1 para voc\u00ea?","header_size":"h1","align":"center","typography_typography":"custom","typography_font_family":"Poppins","typography_font_weight":"900","typography_text_transform":"uppercase","typography_letter_spacing":{"unit":"px","size":0.25,"sizes":[]},"__globals__":{"title_color":""},"text_shadow_text_shadow":{"horizontal":0,"vertical":0,"blur":25,"color":"rgba(223, 6.999999999999996, 55.999999999999865, 0.4)"},"ha_advanced_tooltip_content":"I am a tooltip","typography_font_size":{"unit":"px","size":40,"sizes":[]},"title_color":"#DF0738"},"elements":[],"isInner":false,"widgetType":"heading","elType":"widget"}],"isInner":true,"elType":"column"}],"isInner":true,"elType":"section"},{"id":"2d301ad3","settings":{"layout":"full_width","structure":"40"},"elements":[{"id":"4447e973","settings":{"_column_size":25,"_inline_size":null,"content_position":"top","align":"center","background_background":"gradient","border_radius":{"unit":"px","top":"40","right":"0","bottom":"40","left":"0","isLinked":false},"margin":{"unit":"px","top":"0","right":"15","bottom":"0","left":"15","isLinked":false},"padding":{"unit":"px","top":"0","right":"0","bottom":"0","left":"0","isLinked":false},"__globals__":{"background_color":"globals\/colors?id=28b5c34","background_color_b":""},"margin_mobile":{"unit":"px","top":"0","right":"15","bottom":"15","left":"15","isLinked":false},"background_color":"#DF0738","background_color_b":"#1F0007"},"elements":[{"id":"576cc7d","settings":{"image":{"id":196,"url":"http:\/\/buchozero.site\/wp-content\/uploads\/2022\/04\/casal-correndo-1.webp","alt":"","source":"library"},"image_border_radius":{"unit":"px","top":"40","right":"0","bottom":"0","left":"0","isLinked":false},"ha_advanced_tooltip_content":"I am a tooltip"},"elements":[],"isInner":false,"widgetType":"image","elType":"widget"},{"id":"4ea87bc1","settings":{"marker":"underline_zigzag","before_text":"AUMENTO DA","highlighted_text":"SUA DISPOSI\u00c7\u00c3O","rotating_text":"Better\nBigger\nFaster","title_typography_typography":"custom","title_typography_font_family":"Poppins","title_typography_font_size":{"unit":"px","size":30,"sizes":[]},"title_typography_font_weight":"600","title_typography_text_transform":"uppercase","__globals__":{"marker_color":"globals\/colors?id=28b5c34","words_color":"","title_color":"globals\/colors?id=astglobalcolor5"},"ha_advanced_tooltip_content":"I am a tooltip","marker_color":"#DF0738","title_color":"#FFFFFF","words_color":"#FFFF00"},"elements":[],"isInner":false,"widgetType":"animated-headline","elType":"widget"},{"id":"4ccbe164","settings":{"editor":"<p>Voc\u00ea notar\u00e1 uma <b>disposi\u00e7\u00e3o maior<\/b> durante o dia-a-dia, a sensa\u00e7\u00e3o de vigor \u00e9 um dos principais relatos das pessoas que praticam\u00a0 esse segredo.<\/p>","typography_typography":"custom","typography_font_family":"Poppins","typography_font_weight":"400","_margin":{"unit":"px","top":"0","right":"0","bottom":"0","left":"0","isLinked":false},"_padding":{"unit":"px","top":"0","right":"10","bottom":"0","left":"10","isLinked":false},"__globals__":{"text_color":"globals\/colors?id=astglobalcolor5"},"ha_advanced_tooltip_content":"I am a tooltip"},"elements":[],"isInner":false,"widgetType":"text-editor","elType":"widget"}],"isInner":true,"elType":"column"},{"id":"6290b92a","settings":{"_column_size":25,"_inline_size":null,"content_position":"top","align":"center","background_background":"gradient","border_radius":{"unit":"px","top":"40","right":"0","bottom":"40","left":"0","isLinked":false},"margin":{"unit":"px","top":"0","right":"15","bottom":"0","left":"15","isLinked":false},"padding":{"unit":"px","top":"0","right":"0","bottom":"0","left":"0","isLinked":false},"__globals__":{"background_color":"globals\/colors?id=28b5c34","background_color_b":""},"margin_mobile":{"unit":"px","top":"0","right":"15","bottom":"15","left":"15","isLinked":false},"background_color":"#DF0738","background_color_b":"#1F0007"},"elements":[{"id":"71f478df","settings":{"image":{"id":201,"url":"http:\/\/buchozero.site\/wp-content\/uploads\/2022\/04\/Losing_Weight.webp","alt":"","source":"library"},"image_border_radius":{"unit":"px","top":"40","right":"0","bottom":"0","left":"0","isLinked":false},"ha_advanced_tooltip_content":"I am a tooltip"},"elements":[],"isInner":false,"widgetType":"image","elType":"widget"},{"id":"74fe6eb5","settings":{"marker":"underline_zigzag","before_text":"EMGRACIMENTO","highlighted_text":"ACELERADO","rotating_text":"Better\nBigger\nFaster","title_typography_typography":"custom","title_typography_font_family":"Poppins","title_typography_font_size":{"unit":"px","size":30,"sizes":[]},"title_typography_font_weight":"600","title_typography_text_transform":"uppercase","__globals__":{"marker_color":"globals\/colors?id=28b5c34","words_color":"","title_color":"globals\/colors?id=astglobalcolor5"},"ha_advanced_tooltip_content":"I am a tooltip","marker_color":"#DF0738","title_color":"#FFFFFF","words_color":"#FFFF00"},"elements":[],"isInner":false,"widgetType":"animated-headline","elType":"widget"},{"id":"1e8da240","settings":{"editor":"<p>Atrav\u00e9s da pr\u00e1tica constante, voc\u00ea consegue fazer com que seu corpo libere uma subst\u00e2ncia respons\u00e1vel por <b>DESTRUIR A GORDURA<\/b>\u00a0no seu corpo de forma \u00e1gil.<\/p>","typography_typography":"custom","typography_font_family":"Poppins","typography_font_weight":"400","_margin":{"unit":"px","top":"0","right":"0","bottom":"0","left":"0","isLinked":false},"_padding":{"unit":"px","top":"0","right":"10","bottom":"0","left":"10","isLinked":false},"__globals__":{"text_color":"globals\/colors?id=astglobalcolor5"},"ha_advanced_tooltip_content":"I am a tooltip"},"elements":[],"isInner":false,"widgetType":"text-editor","elType":"widget"}],"isInner":true,"elType":"column"},{"id":"2fc50d82","settings":{"_column_size":25,"_inline_size":null,"content_position":"top","align":"center","background_background":"gradient","border_radius":{"unit":"px","top":"40","right":"0","bottom":"40","left":"0","isLinked":false},"margin":{"unit":"px","top":"0","right":"15","bottom":"0","left":"15","isLinked":false},"padding":{"unit":"px","top":"0","right":"0","bottom":"0","left":"0","isLinked":false},"__globals__":{"background_color":"globals\/colors?id=28b5c34","background_color_b":""},"margin_mobile":{"unit":"px","top":"0","right":"15","bottom":"15","left":"15","isLinked":false},"background_color":"#DF0738","background_color_b":"#1F0007"},"elements":[{"id":"77b226db","settings":{"image":{"id":195,"url":"http:\/\/buchozero.site\/wp-content\/uploads\/2022\/04\/bolismo-corpo-feminino-1018-1400x800-1.webp","alt":"","source":"library"},"image_border_radius":{"unit":"px","top":"40","right":"0","bottom":"0","left":"0","isLinked":false},"ha_advanced_tooltip_content":"I am a tooltip"},"elements":[],"isInner":false,"widgetType":"image","elType":"widget"},{"id":"27f1a2b5","settings":{"marker":"underline_zigzag","before_text":"ACELERA EM 10X","highlighted_text":"O METABOLISMO ","rotating_text":"Better\nBigger\nFaster","title_typography_typography":"custom","title_typography_font_family":"Poppins","title_typography_font_size":{"unit":"px","size":30,"sizes":[]},"title_typography_font_weight":"600","title_typography_text_transform":"uppercase","__globals__":{"marker_color":"globals\/colors?id=28b5c34","words_color":"","title_color":"globals\/colors?id=astglobalcolor5"},"ha_advanced_tooltip_content":"I am a tooltip","marker_color":"#DF0738","title_color":"#FFFFFF","words_color":"#FFFF00"},"elements":[],"isInner":false,"widgetType":"animated-headline","elType":"widget"},{"id":"1e5a394c","settings":{"editor":"<p>Quando o corpo entra no estado de cetose, ele \u00e9 obrigado a usar a gordura do organismo como fonte de energia, fazendo com que o metabolismo acelere a queima de gordura.<\/p>","typography_typography":"custom","typography_font_family":"Poppins","typography_font_weight":"400","_margin":{"unit":"px","top":"0","right":"0","bottom":"0","left":"0","isLinked":false},"_padding":{"unit":"px","top":"0","right":"10","bottom":"0","left":"10","isLinked":false},"__globals__":{"text_color":"globals\/colors?id=astglobalcolor5"},"ha_advanced_tooltip_content":"I am a tooltip"},"elements":[],"isInner":false,"widgetType":"text-editor","elType":"widget"}],"isInner":true,"elType":"column"},{"id":"55cf74fe","settings":{"_column_size":25,"_inline_size":null,"content_position":"top","align":"center","background_background":"gradient","border_radius":{"unit":"px","top":"40","right":"0","bottom":"40","left":"0","isLinked":false},"margin":{"unit":"px","top":"0","right":"15","bottom":"0","left":"15","isLinked":false},"padding":{"unit":"px","top":"0","right":"0","bottom":"0","left":"0","isLinked":false},"__globals__":{"background_color":"globals\/colors?id=28b5c34","background_color_b":""},"margin_mobile":{"unit":"px","top":"0","right":"15","bottom":"15","left":"15","isLinked":false},"background_color":"#DF0738","background_color_b":"#1F0007"},"elements":[{"id":"14fa97e2","settings":{"image":{"id":202,"url":"http:\/\/buchozero.site\/wp-content\/uploads\/2022\/04\/coracao-medica-mulher-cardiologista.webp","alt":"","source":"library"},"image_border_radius":{"unit":"px","top":"40","right":"0","bottom":"0","left":"0","isLinked":false},"ha_advanced_tooltip_content":"I am a tooltip"},"elements":[],"isInner":false,"widgetType":"image","elType":"widget"},{"id":"3856e673","settings":{"marker":"underline_zigzag","before_text":"PREVINE RISCOS","highlighted_text":"A SA\u00daDE","rotating_text":"Better\nBigger\nFaster","title_typography_typography":"custom","title_typography_font_family":"Poppins","title_typography_font_size":{"unit":"px","size":30,"sizes":[]},"title_typography_font_weight":"600","title_typography_text_transform":"uppercase","__globals__":{"marker_color":"globals\/colors?id=28b5c34","words_color":"","title_color":"globals\/colors?id=astglobalcolor5"},"ha_advanced_tooltip_content":"I am a tooltip","marker_color":"#DF0738","title_color":"#FFFFFF","words_color":"#FFFF00"},"elements":[],"isInner":false,"widgetType":"animated-headline","elType":"widget"},{"id":"22887945","settings":{"editor":"<p>As boas pr\u00e1ticas desse m\u00e9todo <strong>ajuda a regular os n\u00edveis<\/strong> de colesterol e triglicer\u00eddeos, isto devido a riqueza em fibras do m\u00e9todo, o que favorece o processo do emagrecimento definitivo.<\/p>","typography_typography":"custom","typography_font_family":"Poppins","typography_font_weight":"400","_margin":{"unit":"px","top":"0","right":"0","bottom":"0","left":"0","isLinked":false},"_padding":{"unit":"px","top":"0","right":"10","bottom":"0","left":"10","isLinked":false},"__globals__":{"text_color":"globals\/colors?id=astglobalcolor5"},"ha_advanced_tooltip_content":"I am a tooltip","align_mobile":"left"},"elements":[],"isInner":false,"widgetType":"text-editor","elType":"widget"}],"isInner":true,"elType":"column"}],"isInner":true,"elType":"section"},{"id":"336ee09b","settings":{"content_position":"middle","margin":{"unit":"px","top":"35","right":0,"bottom":"0","left":0,"isLinked":false}},"elements":[{"id":"3279e5ed","settings":{"_column_size":100,"_inline_size":null,"margin_mobile":{"unit":"px","top":"0","right":"0","bottom":"0","left":"0","isLinked":false},"padding_mobile":{"unit":"px","top":"0","right":"0","bottom":"0","left":"0","isLinked":false}},"elements":[{"id":"3150657d","settings":{"text":"COME\u00c7AR AGORA (CLIQUE AQUI)","link":{"url":"https:\/\/pay.hotmart.com\/K71364135I?checkoutMode=10","is_external":"","nofollow":"","custom_attributes":""},"align":"center","typography_typography":"custom","typography_font_family":"Poppins","typography_font_size":{"unit":"px","size":25,"sizes":[]},"typography_font_weight":"500","text_shadow_text_shadow_type":"yes","hover_animation":"grow","border_radius":{"unit":"px","top":"50","right":"50","bottom":"50","left":"50","isLinked":true},"text_padding":{"unit":"px","top":"25","right":"50","bottom":"25","left":"50","isLinked":false},"_css_classes":"btn_compra","custom_css":".btn_compra a{\r\n    background: rgb(64,0,16);\r\nbackground: linear-gradient(0deg, rgba(64,0,16,1) 10%, rgba(223,7,56,1) 90%);\r\n}","__globals__":{"background_color":""},"text_shadow_text_shadow":{"horizontal":0,"vertical":0,"blur":10,"color":"rgba(255, 255, 255, 0.3)"},"ha_advanced_tooltip_content":"I am a tooltip","typography_font_size_mobile":{"unit":"px","size":21,"sizes":[]},"button_css_id":"bt_pulse","typography_line_height_mobile":{"unit":"em","size":1.5,"sizes":[]}},"elements":[],"isInner":false,"widgetType":"button","elType":"widget"},{"id":"4dc6ccd8","settings":{"editor":"Esse site foi feito por Wand Henrique \/ @wandhenriqueoficial \/ Gestor de Tr\u00e1fego","align":"center","text_color":"#F3F3F3","typography_typography":"custom","typography_font_family":"Poppins","typography_font_size":{"unit":"px","size":10,"sizes":[]},"typography_font_weight":"400"},"elements":[],"isInner":false,"widgetType":"text-editor","elType":"widget"}],"isInner":true,"elType":"column"}],"isInner":true,"elType":"section"},{"id":"2ad1d8d3","settings":{"layout":"full_width","structure":"20","margin":{"unit":"px","top":"100","right":0,"bottom":"0","left":0,"isLinked":false}},"elements":[{"id":"52a75a39","settings":{"_column_size":50,"_inline_size":null,"margin":{"unit":"px","top":"0","right":"15","bottom":"0","left":"15","isLinked":false},"padding":{"unit":"px","top":"0","right":"0","bottom":"0","left":"0","isLinked":false}},"elements":[{"id":"271968dd","settings":{"image":{"id":189,"url":"http:\/\/buchozero.site\/wp-content\/uploads\/2022\/04\/Faca-isso-todos-os-dias.webp","alt":"","source":"library"},"image_border_radius":{"unit":"px","top":"40","right":"0","bottom":"40","left":"0","isLinked":false},"_margin":{"unit":"px","top":"0","right":"0","bottom":"0","left":"0","isLinked":false},"_padding":{"unit":"px","top":"0","right":"0","bottom":"0","left":"0","isLinked":false},"ha_advanced_tooltip_content":"I am a tooltip"},"elements":[],"isInner":false,"widgetType":"image","elType":"widget"}],"isInner":true,"elType":"column"},{"id":"36567b3","settings":{"_column_size":50,"_inline_size":null},"elements":[{"id":"30b68804","settings":{"title":"AP\u00d3S TER ACESSO A TUDO\n<br>ISSO VOC\u00ca TEM 2 OP\u00c7\u00d5ES...","align":"left","typography_typography":"custom","typography_font_family":"Poppins","typography_font_size":{"unit":"px","size":40,"sizes":[]},"typography_font_weight":"900","typography_text_transform":"uppercase","__globals__":{"title_color":""},"text_shadow_text_shadow":{"horizontal":0,"vertical":0,"blur":25,"color":"rgba(223, 6.999999999999996, 55.999999999999865, 0.4)"},"ha_advanced_tooltip_content":"I am a tooltip","typography_font_size_mobile":{"unit":"px","size":24,"sizes":[]},"align_mobile":"center","typography_line_height":{"unit":"px","size":50,"sizes":[]},"typography_line_height_mobile":{"unit":"em","size":1.2,"sizes":[]},"hide_tablet":"hidden-tablet","hide_mobile":"hidden-mobile","title_color":"#DF0738"},"elements":[],"isInner":false,"widgetType":"heading","elType":"widget"},{"id":"67a88e34","settings":{"title":"AP\u00d3S TER ACESSO A <br>TUDO\nISSO VOC\u00ca TEM \n<br>2 OP\u00c7\u00d5ES...","align":"left","typography_typography":"custom","typography_font_family":"Poppins","typography_font_size":{"unit":"px","size":40,"sizes":[]},"typography_font_weight":"900","typography_text_transform":"uppercase","__globals__":{"title_color":"globals\/colors?id=28b5c34"},"text_shadow_text_shadow":{"horizontal":0,"vertical":0,"blur":25,"color":"rgba(223, 6.999999999999996, 55.999999999999865, 0.4)"},"ha_advanced_tooltip_content":"I am a tooltip","typography_font_size_mobile":{"unit":"px","size":28,"sizes":[]},"align_mobile":"center","typography_line_height":{"unit":"px","size":50,"sizes":[]},"typography_line_height_mobile":{"unit":"em","size":1.2,"sizes":[]},"hide_desktop":"hidden-desktop"},"elements":[],"isInner":false,"widgetType":"heading","elType":"widget"},{"id":"6d3c4ff4","settings":{"editor":"<p>Nosso site sofre ataques todos os dias por conta dessas empresas que querem nos calar.<\/p><p>Essas not\u00edcias nunca conseguem chegar at\u00e9 voc\u00ea porque o sistema e a m\u00eddia n\u00e3o permite, para eles \u00e9 mais lucrativo ocultar a verdade das pessoas. Ent\u00e3o, voc\u00ea possui duas op\u00e7\u00f5es agora.<\/p><p>Em primeiro lugar voc\u00ea pode continuar onde voc\u00ea est\u00e1. Sofrendo com a baixa autoestima, sem conseguir se olhar no espelho, com cansa\u00e7o, com dores na coluna, com problemas de sa\u00fade\u2026<\/p><p>Ou ent\u00e3o voc\u00ea pode partir para o outro lado e fazer como mais de\u00a0<b>15.129 mil mulheres<\/b> tem feito ao redor do mundo inteiro e tem mudado de vida atrav\u00e9s desse M\u00e9todo<\/p>","typography_typography":"custom","typography_font_family":"Poppins","typography_font_size":{"unit":"px","size":20,"sizes":[]},"typography_font_weight":"400","__globals__":{"text_color":"globals\/colors?id=47a56f2"},"_margin":{"unit":"px","top":"0","right":"55","bottom":"0","left":"0","isLinked":false},"ha_advanced_tooltip_content":"I am a tooltip","align_mobile":"center","typography_font_size_mobile":{"unit":"px","size":15,"sizes":[]},"_margin_mobile":{"unit":"px","top":"0","right":"0","bottom":"0","left":"0","isLinked":false}},"elements":[],"isInner":false,"widgetType":"text-editor","elType":"widget"}],"isInner":true,"elType":"column"}],"isInner":true,"elType":"section"},{"id":"3fb47c62","settings":{"layout":"full_width","structure":"30","margin_mobile":{"unit":"px","top":"0","right":0,"bottom":"0","left":0,"isLinked":false},"padding_mobile":{"unit":"px","top":"0","right":"0","bottom":"0","left":"0","isLinked":false}},"elements":[{"id":"1c73489a","settings":{"_column_size":33,"_inline_size":null,"margin":{"unit":"px","top":"0","right":"0","bottom":"0","left":"0","isLinked":true},"margin_mobile":{"unit":"px","top":"0","right":"0","bottom":"0","left":"0","isLinked":false}},"elements":[{"id":"51134b19","settings":{"image":{"id":170,"url":"http:\/\/buchozero.site\/wp-content\/uploads\/2022\/04\/1.webp","alt":"","source":"library"},"_box_shadow_box_shadow_type":"yes","ha_advanced_tooltip_content":"I am a tooltip"},"elements":[],"isInner":false,"widgetType":"image","elType":"widget"}],"isInner":true,"elType":"column"},{"id":"277e97a7","settings":{"_column_size":33,"_inline_size":null,"margin":{"unit":"px","top":"0","right":"0","bottom":"0","left":"0","isLinked":true},"margin_mobile":{"unit":"px","top":"0","right":"0","bottom":"0","left":"0","isLinked":false}},"elements":[{"id":"276a7c1e","settings":{"image":{"id":168,"url":"http:\/\/buchozero.site\/wp-content\/uploads\/2022\/04\/2.webp","alt":"","source":"library"},"_box_shadow_box_shadow_type":"yes","ha_advanced_tooltip_content":"I am a tooltip"},"elements":[],"isInner":false,"widgetType":"image","elType":"widget"}],"isInner":true,"elType":"column"},{"id":"2924dbd3","settings":{"_column_size":33,"_inline_size":null,"margin":{"unit":"px","top":"0","right":"0","bottom":"0","left":"0","isLinked":true},"margin_mobile":{"unit":"px","top":"0","right":"0","bottom":"0","left":"0","isLinked":false}},"elements":[{"id":"261e6cbb","settings":{"image":{"id":169,"url":"http:\/\/buchozero.site\/wp-content\/uploads\/2022\/04\/3.webp","alt":"","source":"library"},"_box_shadow_box_shadow_type":"yes","ha_advanced_tooltip_content":"I am a tooltip"},"elements":[],"isInner":false,"widgetType":"image","elType":"widget"}],"isInner":true,"elType":"column"}],"isInner":true,"elType":"section"},{"id":"78cdb3a3","settings":{"content_position":"middle","margin":{"unit":"px","top":"35","right":0,"bottom":"0","left":0,"isLinked":false}},"elements":[{"id":"d3a1459","settings":{"_column_size":100,"_inline_size":null,"margin_mobile":{"unit":"px","top":"0","right":"0","bottom":"0","left":"0","isLinked":false},"padding_mobile":{"unit":"px","top":"0","right":"0","bottom":"0","left":"0","isLinked":false}},"elements":[{"id":"51a7ed53","settings":{"editor":"<p>N\u00f3s estamos dispostos a te ajudar. Aperte o bot\u00e3o aqui em baixo e venha conosco agora mesmo e garanta a sua vaga no m\u00e9todo Zero Barriga enquanto ainda h\u00e1 tempo e esse site est\u00e1 no ar...<\/p>","typography_typography":"custom","typography_font_family":"Poppins","typography_font_size":{"unit":"px","size":20,"sizes":[]},"typography_font_weight":"400","__globals__":{"text_color":""},"_margin":{"unit":"px","top":"0","right":"55","bottom":"0","left":"0","isLinked":false},"ha_advanced_tooltip_content":"I am a tooltip","align_mobile":"center","typography_font_size_mobile":{"unit":"px","size":15,"sizes":[]},"_margin_mobile":{"unit":"px","top":"0","right":"0","bottom":"0","left":"0","isLinked":false},"align":"center"},"elements":[],"isInner":false,"widgetType":"text-editor","elType":"widget"},{"id":"2278e403","settings":{"text":"COME\u00c7AR AGORA (CLIQUE AQUI)","link":{"url":"https:\/\/pay.hotmart.com\/K71364135I?checkoutMode=10","is_external":"","nofollow":"","custom_attributes":""},"align":"center","typography_typography":"custom","typography_font_family":"Poppins","typography_font_size":{"unit":"px","size":25,"sizes":[]},"typography_font_weight":"500","text_shadow_text_shadow_type":"yes","hover_animation":"grow","border_radius":{"unit":"px","top":"50","right":"50","bottom":"50","left":"50","isLinked":true},"text_padding":{"unit":"px","top":"25","right":"50","bottom":"25","left":"50","isLinked":false},"_css_classes":"btn_compra","custom_css":".btn_compra a{\r\n    background: rgb(64,0,16);\r\nbackground: linear-gradient(0deg, rgba(64,0,16,1) 10%, rgba(223,7,56,1) 90%);\r\n}","__globals__":{"background_color":""},"text_shadow_text_shadow":{"horizontal":0,"vertical":0,"blur":10,"color":"rgba(255, 255, 255, 0.3)"},"ha_advanced_tooltip_content":"I am a tooltip","typography_font_size_mobile":{"unit":"px","size":21,"sizes":[]},"button_css_id":"bt_pulse","typography_line_height_mobile":{"unit":"em","size":1.5,"sizes":[]}},"elements":[],"isInner":false,"widgetType":"button","elType":"widget"},{"id":"1e70c4fc","settings":{"editor":"Esse site foi feito por Wand Henrique \/ @wandhenriqueoficial \/ Gestor de Tr\u00e1fego","align":"center","text_color":"#F3F3F3","typography_typography":"custom","typography_font_family":"Poppins","typography_font_size":{"unit":"px","size":10,"sizes":[]},"typography_font_weight":"400"},"elements":[],"isInner":false,"widgetType":"text-editor","elType":"widget"}],"isInner":true,"elType":"column"}],"isInner":true,"elType":"section"},{"id":"1ec131c4","settings":{"content_position":"middle","structure":"20","background_background":"gradient","margin":{"unit":"px","top":"100","right":0,"bottom":"0","left":0,"isLinked":false},"padding":{"unit":"px","top":"0","right":"0","bottom":"0","left":"0","isLinked":false},"__globals__":{"background_color":"","background_color_b":""},"reverse_order_mobile":"reverse-mobile","margin_mobile":{"unit":"px","top":"130","right":0,"bottom":"0","left":0,"isLinked":false},"background_color":"#400010","background_color_b":"#1F0007"},"elements":[{"id":"10aaa8cf","settings":{"_column_size":50,"_inline_size":null},"elements":[{"id":"7a59df2d","settings":{"editor":"O c\u00f3digo de defesa do consumidor (Art. 49) garante 7 dias para solicitar reembolso em caso de insatisfa\u00e7\u00e3o com o produto. N\u00f3s confiamos tanto em nossos estudos e pesquisas que lhe <b>garantimos 30 dias<\/b> de garantia incondicional, devolvendo 100% do seu investimento!","typography_typography":"custom","typography_font_family":"Poppins","typography_font_weight":"400","__globals__":{"text_color":"globals\/colors?id=astglobalcolor5"},"ha_advanced_tooltip_content":"I am a tooltip","align_mobile":"center"},"elements":[],"isInner":false,"widgetType":"text-editor","elType":"widget"}],"isInner":true,"elType":"column"},{"id":"6c00a1e9","settings":{"_column_size":50,"_inline_size":null,"margin":{"unit":"px","top":"-60","right":"0","bottom":"-45","left":"0","isLinked":false},"padding":{"unit":"px","top":"0","right":"0","bottom":"0","left":"0","isLinked":false},"margin_mobile":{"unit":"px","top":"-100","right":"0","bottom":"0","left":"0","isLinked":false},"z_index":1},"elements":[{"id":"34a5385a","settings":{"image":{"id":273,"url":"http:\/\/buchozero.site\/wp-content\/uploads\/2022\/04\/Selo-de-garantia-de-30-dias.webp","alt":"","source":"library"},"image_size":"medium","ha_advanced_tooltip_content":"I am a tooltip"},"elements":[],"isInner":false,"widgetType":"image","elType":"widget"}],"isInner":true,"elType":"column"}],"isInner":true,"elType":"section"},{"id":"3fd5c757","settings":{"column_position":"top","background_background":"classic","background_color":"#F9F9F9","padding":{"unit":"px","top":"70","right":"0","bottom":"0","left":"0","isLinked":false},"reverse_order_mobile":"reverse-mobile"},"elements":[{"id":"2a6434a3","settings":{"_column_size":100,"_inline_size":null,"margin_mobile":{"unit":"px","top":"0","right":"0","bottom":"0","left":"0","isLinked":false},"padding_mobile":{"unit":"px","top":"0","right":"0","bottom":"0","left":"0","isLinked":false}},"elements":[{"id":"715190a1","settings":{"title":"VOC\u00ca PODE TER <br>ESSES RESULTADOS!","header_size":"h1","align":"center","typography_typography":"custom","typography_font_family":"Poppins","typography_font_weight":"900","typography_text_transform":"uppercase","typography_letter_spacing":{"unit":"px","size":0.25,"sizes":[]},"__globals__":{"title_color":""},"text_shadow_text_shadow":{"horizontal":0,"vertical":0,"blur":25,"color":"rgba(223, 6.999999999999996, 55.999999999999865, 0.4)"},"ha_advanced_tooltip_content":"I am a tooltip","typography_font_size":{"unit":"px","size":40,"sizes":[]},"typography_font_size_mobile":{"unit":"px","size":30,"sizes":[]},"title_color":"#DF0738"},"elements":[],"isInner":false,"widgetType":"heading","elType":"widget"},{"id":"5b368003","settings":{"carousel":[{"id":138,"url":"http:\/\/buchozero.site\/wp-content\/uploads\/2022\/04\/Depoimento-03.webp"},{"id":139,"url":"http:\/\/buchozero.site\/wp-content\/uploads\/2022\/04\/Depoimento-02.webp"},{"id":140,"url":"http:\/\/buchozero.site\/wp-content\/uploads\/2022\/04\/Depoimento.webp"},{"id":145,"url":"http:\/\/buchozero.site\/wp-content\/uploads\/2022\/04\/Depoimento-04.webp"},{"id":146,"url":"http:\/\/buchozero.site\/wp-content\/uploads\/2022\/04\/Depoimento-05.webp"},{"id":149,"url":"http:\/\/buchozero.site\/wp-content\/uploads\/2022\/04\/Depoimento-06-1.webp"}],"thumbnail_size":"medium_large","arrows_position":"outside","__globals__":{"arrows_color":"","dots_inactive_color":"","dots_color":"globals\/colors?id=28b5c34"},"image_spacing":"custom","image_spacing_custom":{"unit":"px","size":5,"sizes":[]},"_box_shadow_box_shadow":{"horizontal":0,"vertical":0,"blur":30,"spread":10,"color":"rgba(223, 6.999999999999996, 55.999999999999865, 0.4)"},"image_border_radius":{"unit":"px","top":"27","right":"27","bottom":"27","left":"27","isLinked":true},"_border_radius":{"unit":"px","top":"0","right":"0","bottom":"0","left":"0","isLinked":true},"hide_tablet":"hidden-tablet","hide_mobile":"hidden-mobile","arrows_color":"#1F0007","dots_inactive_color":"#1F0007","dots_color":"#DF0738"},"elements":[],"isInner":false,"widgetType":"image-carousel","elType":"widget"},{"id":"3ac6d84b","settings":{"carousel":[{"id":138,"url":"http:\/\/buchozero.site\/wp-content\/uploads\/2022\/04\/Depoimento-03.webp"},{"id":139,"url":"http:\/\/buchozero.site\/wp-content\/uploads\/2022\/04\/Depoimento-02.webp"},{"id":140,"url":"http:\/\/buchozero.site\/wp-content\/uploads\/2022\/04\/Depoimento.webp"},{"id":145,"url":"http:\/\/buchozero.site\/wp-content\/uploads\/2022\/04\/Depoimento-04.webp"},{"id":146,"url":"http:\/\/buchozero.site\/wp-content\/uploads\/2022\/04\/Depoimento-05.webp"},{"id":149,"url":"http:\/\/buchozero.site\/wp-content\/uploads\/2022\/04\/Depoimento-06-1.webp"}],"thumbnail_size":"medium_large","slides_to_show_mobile":"1","arrows_position":"outside","__globals__":{"arrows_color":"globals\/colors?id=c4c7d11","dots_inactive_color":"globals\/colors?id=c4c7d11","dots_color":"globals\/colors?id=28b5c34"},"image_spacing":"custom","image_spacing_custom":{"unit":"px","size":5,"sizes":[]},"_box_shadow_box_shadow":{"horizontal":0,"vertical":0,"blur":30,"spread":10,"color":"rgba(223, 6.999999999999996, 55.999999999999865, 0.4)"},"image_border_radius":{"unit":"px","top":"27","right":"27","bottom":"27","left":"27","isLinked":true},"_border_radius":{"unit":"px","top":"0","right":"0","bottom":"0","left":"0","isLinked":true},"hide_desktop":"hidden-desktop"},"elements":[],"isInner":false,"widgetType":"image-carousel","elType":"widget"},{"id":"3fc01e3c","settings":{"rating":4.6,"title":"Avalia\u00e7\u00e3o dos usu\u00e1rios 4.6\/5.0","align":"center","title_color":"#F18F01","title_typography_typography":"custom","title_typography_font_family":"Roboto","title_typography_font_size":{"unit":"px","size":15,"sizes":[]},"title_typography_font_weight":"600","ha_advanced_tooltip_content":"I am a tooltip","align_mobile":"center"},"elements":[],"isInner":false,"widgetType":"star-rating","elType":"widget"},{"id":"5b301c13","settings":{"editor":"Esse site foi feito por Wand Henrique \/ @wandhenriqueoficial \/ Gestor de Tr\u00e1fego","align":"center","text_color":"#F3F3F3","typography_typography":"custom","typography_font_family":"Poppins","typography_font_size":{"unit":"px","size":10,"sizes":[]},"typography_font_weight":"400"},"elements":[],"isInner":false,"widgetType":"text-editor","elType":"widget"}],"isInner":true,"elType":"column"}],"isInner":true,"elType":"section"},{"id":"30f3d4f1","settings":{"content_width":{"unit":"px","size":1400,"sizes":[]},"content_position":"middle","structure":"20","shape_divider_top":"wave-brush","shape_divider_top_color":"#F9F9F9","shape_divider_top_height":{"unit":"px","size":50,"sizes":[]},"margin":{"unit":"px","top":"","right":0,"bottom":"","left":0,"isLinked":true},"padding":{"unit":"px","top":"70","right":"0","bottom":"0","left":"0","isLinked":false},"shape_divider_top_height_mobile":{"unit":"px","size":37,"sizes":[]},"margin_mobile":{"unit":"px","top":"0","right":0,"bottom":"0","left":0,"isLinked":false},"padding_mobile":{"unit":"px","top":"40","right":"0","bottom":"0","left":"0","isLinked":false}},"elements":[{"id":"73ef4182","settings":{"_column_size":50,"_inline_size":null,"margin":{"unit":"px","top":"0","right":"10","bottom":"0","left":"0","isLinked":false},"padding":{"unit":"px","top":"0","right":"0","bottom":"0","left":"0","isLinked":false},"margin_mobile":{"unit":"px","top":"0","right":"0","bottom":"0","left":"0","isLinked":false}},"elements":[{"id":"38355f6f","settings":{"image":{"id":396,"url":"http:\/\/buchozero.site\/wp-content\/uploads\/2022\/05\/04.webp","alt":"","source":"library"},"ha_advanced_tooltip_content":"I am a tooltip","align_mobile":"center","_margin_mobile":{"unit":"px","top":"0","right":"0","bottom":"0","left":"0","isLinked":false},"_padding_mobile":{"unit":"px","top":"0","right":"0","bottom":"0","left":"0","isLinked":false},"width":{"unit":"%","size":100,"sizes":[]},"width_mobile":{"unit":"%","size":100,"sizes":[]},"_margin":{"unit":"px","top":"0","right":"0","bottom":"0","left":"0","isLinked":false},"_padding":{"unit":"px","top":"0","right":"0","bottom":"0","left":"0","isLinked":false}},"elements":[],"isInner":false,"widgetType":"image","elType":"widget"}],"isInner":true,"elType":"column"},{"id":"7442a3d3","settings":{"_column_size":50,"_inline_size":null,"margin_mobile":{"unit":"px","top":"25","right":"0","bottom":"0","left":"0","isLinked":false},"padding_mobile":{"unit":"px","top":"0","right":"0","bottom":"0","left":"0","isLinked":false}},"elements":[{"id":"4f3b2a9d","settings":{"title":"Aproveite a oferta <br>de <font color=\"#DF0738\">R$ 200 <\/font>de desconto!","align":"left","typography_typography":"custom","typography_font_family":"Poppins","typography_font_size":{"unit":"px","size":40,"sizes":[]},"typography_font_weight":"900","typography_text_transform":"uppercase","text_shadow_text_shadow":{"horizontal":0,"vertical":0,"blur":25,"color":"rgba(223, 6.999999999999996, 55.999999999999865, 0.4)"},"__globals__":{"title_color":""},"_margin":{"unit":"px","top":"0","right":"0","bottom":"0","left":"0","isLinked":false},"ha_advanced_tooltip_content":"I am a tooltip","align_mobile":"center","typography_font_size_mobile":{"unit":"px","size":26,"sizes":[]},"_margin_mobile":{"unit":"px","top":"0","right":"0","bottom":"0","left":"0","isLinked":false},"_padding_mobile":{"unit":"px","top":"0","right":"0","bottom":"0","left":"0","isLinked":false},"title_color":"#400010"},"elements":[],"isInner":false,"widgetType":"heading","elType":"widget"},{"id":"34891417","settings":{"image":{"id":213,"url":"http:\/\/buchozero.site\/wp-content\/uploads\/2022\/04\/Preco-Bucho-Zero.webp","alt":"","source":"library"},"align":"left","link_to":"custom","link":{"url":"https:\/\/pay.hotmart.com\/K71364135I?checkoutMode=10","is_external":"","nofollow":"","custom_attributes":""},"ha_advanced_tooltip_content":"I am a tooltip","_margin_mobile":{"unit":"px","top":"0","right":"0","bottom":"0","left":"0","isLinked":false},"_padding_mobile":{"unit":"px","top":"0","right":"0","bottom":"0","left":"0","isLinked":false}},"elements":[],"isInner":false,"widgetType":"image","elType":"widget"},{"id":"2eec8e9f","settings":{"text":"COME\u00c7AR AGORA (CLIQUE AQUI)","link":{"url":"https:\/\/pay.hotmart.com\/K71364135I?checkoutMode=10","is_external":"","nofollow":"","custom_attributes":""},"align":"left","typography_typography":"custom","typography_font_family":"Poppins","typography_font_size":{"unit":"px","size":25,"sizes":[]},"typography_font_weight":"500","text_shadow_text_shadow_type":"yes","hover_animation":"grow","border_radius":{"unit":"px","top":"50","right":"0","bottom":"50","left":"0","isLinked":false},"text_padding":{"unit":"px","top":"25","right":"50","bottom":"25","left":"50","isLinked":false},"_css_classes":"btn_compra","custom_css":".btn_compra a{\r\n    background: rgb(64,0,16);\r\nbackground: linear-gradient(0deg, rgba(64,0,16,1) 10%, rgba(223,7,56,1) 90%);\r\n}","__globals__":{"background_color":""},"text_shadow_text_shadow":{"horizontal":0,"vertical":0,"blur":10,"color":"rgba(255, 255, 255, 0.3)"},"ha_advanced_tooltip_content":"I am a tooltip","typography_font_size_mobile":{"unit":"px","size":21,"sizes":[]},"button_css_id":"bt_pulse","align_mobile":"justify","typography_line_height_mobile":{"unit":"em","size":1.5,"sizes":[]}},"elements":[],"isInner":false,"widgetType":"button","elType":"widget"}],"isInner":true,"elType":"column"}],"isInner":true,"elType":"section"},{"id":"33d2fade","settings":{"margin":{"unit":"px","top":"125","right":0,"bottom":"35","left":0,"isLinked":false}},"elements":[{"id":"31da21ce","settings":{"_column_size":100,"_inline_size":null},"elements":[{"id":"56214d64","settings":{"title":"Perguntas frequentes","header_size":"h1","align":"center","typography_typography":"custom","typography_font_family":"Poppins","typography_font_weight":"900","typography_text_transform":"uppercase","typography_letter_spacing":{"unit":"px","size":0.25,"sizes":[]},"__globals__":{"title_color":""},"text_shadow_text_shadow":{"horizontal":0,"vertical":0,"blur":25,"color":"rgba(223, 6.999999999999996, 55.999999999999865, 0.4)"},"ha_advanced_tooltip_content":"I am a tooltip","title_color":"#DF0738"},"elements":[],"isInner":false,"widgetType":"heading","elType":"widget"}],"isInner":true,"elType":"column"}],"isInner":true,"elType":"section"},{"id":"2cbfd6d3","settings":[],"elements":[{"id":"4c339bd8","settings":{"_column_size":100,"_inline_size":null},"elements":[{"id":"23afab14","settings":{"tabs":[{"tab_title":"Quais s\u00e3o as formas de pagamento?","tab_content":"<p>Voc\u00ea pode realizar o pagamento por Cart\u00e3o de Cr\u00e9dito, Boleto Banc\u00e1rio, PIX, PayPal, Google Pay, Samsung Pay e D\u00e9bito Banc\u00e1rio.<\/p>","_id":"94042b9"},{"tab_title":"Como vou receber acesso ao produto?","tab_content":"<p>Assim que a sua compra for confirmada, voc\u00ea receber\u00e1 um e-mail com o seu acesso \u00e0 nossa plataforma. Os pagamentos realizados por boleto, podem demorar at\u00e9 2 dias \u00fateis para serem confirmados.<\/p>","_id":"b8b7b62"},{"tab_title":"A plataforma de pagamentos \u00e9 segura?","tab_content":"<p>Sim, a Ticto \u00e9 uma das maiores empresas de pagamento do Brasil. Nossos alunos nunca tiveram nenhum problema de seguran\u00e7a ao realizarem o pagamento.<\/p>","_id":"1108da6"},{"tab_title":"O conte\u00fado \u00e9 ao vivo ou gravado?","tab_content":"<p>O conte\u00fado do Protocolo Zero Barriga \u00e9 100% gravado em PDF, com o material pedag\u00f3gico completo.<\/p>","_id":"63bb002"},{"tab_title":"Em quanto tempo posso perder o peso que preciso?","tab_content":"<p>Cada organismo funciona de uma maneira diferente, por isso, \u00e9 dif\u00edcil estipular um tempo m\u00e9dio para o in\u00edcio da perda de peso. No entanto, \u00e9 comum que as pessoas comecem a notar diferen\u00e7a no peso em duas semanas.<\/p>","_id":"ffb5c3f"},{"tab_title":"Por quanto tempo vou ter acesso ao material?","tab_content":"<p>Voc\u00ea ter\u00e1 acesso vital\u00edcio a vers\u00e3o 2022 do Protocolo Zero Barriga<\/p>","_id":"ccc1fca"},{"tab_title":"Quanto tempo o organismo leva para entrar em processo de emagrecimento?","tab_content":"<p>O tempo para que o organismo entre por completo em um processo de emagrecimento varia de uma pessoa para outra, podendo ser de alguns dias, ou at\u00e9 mesmo semanas. Al\u00e9m disso, no in\u00edcio \u00e9 poss\u00edvel que voc\u00ea sinta muito saciada e sem fome, \u00e9 algo normal.<\/p>","_id":"39c4e01"},{"tab_title":"O que acontece se eu me arrepender da compra?","tab_content":"<p>Caso voc\u00ea se arrependa da aquisi\u00e7\u00e3o do Protocolo Zero Barriga e queria desistir dele, basta entrar em contato com nossa equipe de atendimento, que todos os passos para o cancelamento e a devolu\u00e7\u00e3o do dinheiro investido lhe ser\u00e3o fornecidos.<\/p>","_id":"244b5dd"},{"tab_title":"Moro fora do pa\u00eds, consigo me matricular?","tab_content":"<p>Sim, a Ticto aceita moedas do mundo inteiro e voc\u00ea tamb\u00e9m pode efetuar o pagamento pelo PayPal.<\/p>","_id":"c887122"}],"title_html_tag":"h4","title_typography_typography":"custom","title_typography_font_family":"Poppins","title_typography_font_weight":"600","content_typography_typography":"custom","content_typography_font_family":"Poppins","content_typography_font_weight":"400","__globals__":{"border_color":"","title_color":"","tab_active_color":"","content_color":"","icon_color":"globals\/colors?id=28b5c34","icon_active_color":"globals\/colors?id=da3f514"},"ha_advanced_tooltip_content":"I am a tooltip","title_color":"#400010","tab_active_color":"#DF0738","icon_color":"#DF0738","icon_active_color":"#400010"},"elements":[],"isInner":false,"widgetType":"toggle","elType":"widget"}],"isInner":true,"elType":"column"}],"isInner":true,"elType":"section"},{"id":"8fe2de5","settings":{"content_position":"middle","margin":{"unit":"px","top":"35","right":0,"bottom":"35","left":0,"isLinked":false}},"elements":[{"id":"91582e","settings":{"_column_size":100,"_inline_size":null,"margin_mobile":{"unit":"px","top":"0","right":"0","bottom":"0","left":"0","isLinked":false},"padding_mobile":{"unit":"px","top":"0","right":"0","bottom":"0","left":"0","isLinked":false}},"elements":[{"id":"64f33b9d","settings":{"text":"EU QUERO MEU DESCONTO COM O PROTOCOLO ZERO BARRIGA!","link":{"url":"https:\/\/pay.hotmart.com\/K71364135I?checkoutMode=10","is_external":"","nofollow":"","custom_attributes":""},"align":"center","typography_typography":"custom","typography_font_family":"Poppins","typography_font_size":{"unit":"px","size":25,"sizes":[]},"typography_font_weight":"500","text_shadow_text_shadow_type":"yes","hover_animation":"grow","border_radius":{"unit":"px","top":"50","right":"50","bottom":"50","left":"50","isLinked":true},"text_padding":{"unit":"px","top":"25","right":"50","bottom":"25","left":"50","isLinked":false},"_css_classes":"btn_compra","custom_css":".btn_compra a{\r\n    background: rgb(64,0,16);\r\nbackground: linear-gradient(0deg, rgba(64,0,16,1) 10%, rgba(223,7,56,1) 90%);\r\n}","__globals__":{"background_color":""},"text_shadow_text_shadow":{"horizontal":0,"vertical":0,"blur":10,"color":"rgba(255, 255, 255, 0.3)"},"ha_advanced_tooltip_content":"I am a tooltip","typography_font_size_mobile":{"unit":"px","size":21,"sizes":[]},"button_css_id":"bt_pulse","typography_line_height_mobile":{"unit":"em","size":1.5,"sizes":[]}},"elements":[],"isInner":false,"widgetType":"button","elType":"widget"},{"id":"33b78dcb","settings":{"editor":"Esse site foi feito por Wand Henrique \/ @wandhenriqueoficial \/ Gestor de Tr\u00e1fego","align":"center","text_color":"#F3F3F3","typography_typography":"custom","typography_font_family":"Poppins","typography_font_size":{"unit":"px","size":10,"sizes":[]},"typography_font_weight":"400"},"elements":[],"isInner":false,"widgetType":"text-editor","elType":"widget"}],"isInner":true,"elType":"column"}],"isInner":true,"elType":"section"}],"isInner":false,"elType":"column"}],"isInner":false,"elType":"section"},{"id":"4a9682ae","settings":[],"elements":[{"id":"399ef16d","settings":{"_column_size":100,"_inline_size":null},"elements":[{"id":"45467ec2","settings":{"html":"<head>\r\n<script src=\"https:\/\/ajax.googleapis.com\/ajax\/libs\/jquery\/3.4.1\/jquery.min.js\"><\/script>\r\n<\/head>\r\n<script>\r\n$('.aparecer').hide();\r\nsetTimeout(function() {\r\n$('.aparecer').show();\r\n}, 1020000);\r\n<\/script>","_margin":{"unit":"px","top":"50","right":"0","bottom":"0","left":"0","isLinked":false},"_padding":{"unit":"px","top":"0","right":"0","bottom":"0","left":"0","isLinked":false},"ha_advanced_tooltip_content":"I am a tooltip"},"elements":[],"isInner":false,"widgetType":"html","elType":"widget"}],"isInner":false,"elType":"column"}],"isInner":false,"elType":"section"},{"id":"39afb439","settings":{"content_width":{"unit":"px","size":1229,"sizes":[]},"background_background":"classic","margin":{"unit":"px","top":"0","right":0,"bottom":"50","left":0,"isLinked":false},"__globals__":{"background_color":""},"margin_mobile":{"unit":"px","top":"0","right":0,"bottom":"0","left":0,"isLinked":false},"padding_mobile":{"unit":"px","top":"0","right":"0","bottom":"0","left":"0","isLinked":false}},"elements":[{"id":"26c7defa","settings":{"_column_size":100,"_inline_size":null,"margin_mobile":{"unit":"px","top":"0","right":"0","bottom":"0","left":"0","isLinked":false},"padding_mobile":{"unit":"px","top":"0","right":"0","bottom":"0","left":"0","isLinked":false}},"elements":[{"id":"695677da","settings":{"slides":[{"content":"\"Eu consegui sair de 110 para 75! Obrigada. \u2764\ufe0f\"","name":"Adriana Diniz","title":"Advogada","image":{"id":367,"url":"http:\/\/buchozero.site\/wp-content\/uploads\/2022\/05\/2.webp","alt":"","source":"library"},"_id":"09e808b"},{"content":"\"Admito, primeiro eu estava c\u00e9tica. Achei que n\u00e3o havia como ser t\u00e3o simples. Mas depois de seguir tudo que o Sandro passou, eu finalmente consegui fazer as pazes com o espelho! Obrigada!\" \ud83d\ude0d","name":"Tatiana","title":"Estudante","image":{"id":461,"url":"http:\/\/buchozero.site\/wp-content\/uploads\/2022\/05\/a6762618789e500337dabffcf40c869e.webp","alt":"","source":"library"},"_id":"203bbad"},{"content":"\"O que aconteceu ao fim da segunda semana me deixou em choque total, eu estava parecendo a garota de 23, l\u00e1 da \u00e9poca da faculdade. Voltei a utilizar as minhas cal\u00e7as jeans\ud83d\udc56\"","name":"Liliya","title":"Secret\u00e1ria executiva","image":{"id":44,"url":"http:\/\/buchozero.site\/wp-content\/uploads\/2022\/04\/Depoimento-04.jpg","alt":"","source":"library"},"_id":"4c5c6a6"},{"content":"\"\ud83d\ude2a Ap\u00f3s ter meu cas\u00f3rio cancelado depois de nenhum vestido servir em mim, eu encontrei um velho amigo que me disse que havia aprendido um ritual da manh\u00e3 e seguindo essa nova descoberta dele eu pude perceber uma diferen\u00e7a logo na primeira semana... Perdi 14.72\ud83d\ude3b\"","name":"Luciana Costa","title":"Pedagoga","image":{"id":362,"url":"http:\/\/buchozero.site\/wp-content\/uploads\/2022\/05\/1.webp","alt":"","source":"library"},"_id":"6249d61"}],"layout":"image_above","width":{"unit":"%","size":70,"sizes":[]},"content_typography_typography":"custom","content_typography_font_family":"Poppins","content_typography_font_weight":"400","name_typography_typography":"custom","name_typography_font_family":"Poppins","name_typography_font_weight":"600","title_typography_typography":"custom","title_typography_font_family":"Poppins","title_typography_font_weight":"400","image_size":{"unit":"px","size":60,"sizes":[]},"ha_advanced_tooltip_content":"I am a tooltip","__globals__":{"slide_background_color":"","slide_border_color":"","content_color":"","name_color":"","title_color":"","arrows_color":""},"width_mobile":{"unit":"px","size":350,"sizes":[]},"space_between_mobile":{"unit":"px","size":"","sizes":[]},"name_color":"#400010","title_color":"#DF0738"},"elements":[],"isInner":false,"widgetType":"testimonial-carousel","elType":"widget"}],"isInner":false,"elType":"column"}],"isInner":false,"elType":"section"},{"id":"75718d3","settings":{"content_width":{"unit":"px","size":1400,"sizes":[]},"height":"min-height","content_position":"middle","background_background":"classic","shape_divider_top":"wave-brush","shape_divider_top_color":"#F3F3F3","shape_divider_top_height":{"unit":"px","size":50,"sizes":[]},"padding":{"unit":"px","top":"35","right":"0","bottom":"0","left":"0","isLinked":false},"__globals__":{"background_color":""},"background_color":"#400010","custom_height_mobile":{"unit":"px","size":100,"sizes":[]},"custom_height":{"unit":"px","size":100,"sizes":[]}},"elements":[{"id":"552d932d","settings":{"_column_size":100,"_inline_size":null},"elements":[{"id":"571ea0dd","settings":{"content_position":"middle"},"elements":[{"id":"24e1f467","settings":{"_column_size":100,"_inline_size":null},"elements":[{"id":"2fa1c030","settings":{"title":"ENJOY!","header_size":"h4","typography_typography":"custom","typography_font_family":"Poppins","typography_font_weight":"600","typography_text_transform":"uppercase","typography_letter_spacing":{"unit":"px","size":3.25,"sizes":[]},"text_shadow_text_shadow_type":"yes","text_shadow_text_shadow":{"horizontal":0,"vertical":0,"blur":10,"color":"rgba(255, 255, 255, 0.3)"},"__globals__":{"title_color":"globals\/colors?id=astglobalcolor5"},"ha_advanced_tooltip_content":"I am a tooltip","align_mobile":"center","align":"center"},"elements":[],"isInner":false,"widgetType":"heading","elType":"widget"}],"isInner":true,"elType":"column"}],"isInner":true,"elType":"section"}],"isInner":false,"elType":"column"}],"isInner":false,"elType":"section"}],"page_settings":{"background_background":"classic","background_color":"#F3F3F3","custom_css":"#bt_pulse {-webkit-animation: pulse 1.0s infinite;}\r\n#bt_pulse:hover {-webkit-animation: none;}","ha_grid_number":"","ha_grid_zindex":"1000"},"version":"0.4","title":"WH \u2013 Extreme Conversion (DELAY)","type":"page"}